timestamp,impl_id,run_id,wall_ns,cpu_ns,checksum,dataset_sha256,max_rss_kb,ctx_voluntary,ctx_involuntary,minor_faults,major_faults,cpu_migrations,max_threads,perf_cycles,perf_instructions,perf_cache_misses,perf_branch_misses,stability_cpu_util_avg,stability_load1_avg,stability_io_mbps_avg,stability_mem_available_mb,stability_swap_in,stability_swap_out,stability_swap_activity,stability_wait_sec,stability_attempts,stability_pass,warmup,runs,repeat,language,requested_version,affinity_observed,runner_wall_ns,runner_cpu_ns,process_returncode
2026-02-07T19:03:41.678121+00:00,python-naive,0,210325313,218197575,1118578.5257543656,8ee23e64581a0e8d8d35ae64e2ccb71a2f3bb4f1cc517a99fdf151e8bb353ff3,47116,0,19,0,0,,1,,,,,10.166267247099002,3.427692307692308,0.04614495151478918,14946.22265625,0.0,0.0,0.0,6.015275671998097,1,True,5,30,50,python,naive,2,311909807125,324930000000,0
2026-02-07T19:03:41.678213+00:00,python-naive,1,212697808,220572180,1118578.5257543656,8ee23e64581a0e8d8d35ae64e2ccb71a2f3bb4f1cc517a99fdf151e8bb353ff3,47116,0,14,0,0,,1,,,,,10.166267247099002,3.427692307692308,0.04614495151478918,14946.22265625,0.0,0.0,0.0,6.015275671998097,1,True,5,30,50,python,naive,2,311909807125,324930000000,0
2026-02-07T19:03:41.678227+00:00,python-naive,2,218797704,226683982,1118578.5257543656,8ee23e64581a0e8d8d35ae64e2ccb71a2f3bb4f1cc517a99fdf151e8bb353ff3,47116,0,15,0,0,,1,,,,,10.166267247099002,3.427692307692308,0.04614495151478918,14946.22265625,0.0,0.0,0.0,6.015275671998097,1,True,5,30,50,python,naive,2,311909807125,324930000000,0
2026-02-07T19:03:41.678234+00:00,python-naive,3,230080744,238523211,1118578.5257543656,8ee23e64581a0e8d8d35ae64e2ccb71a2f3bb4f1cc517a99fdf151e8bb353ff3,47116,0,8,0,0,,1,,,,,10.166267247099002,3.427692307692308,0.04614495151478918,14946.22265625,0.0,0.0,0.0,6.015275671998097,1,True,5,30,50,python,naive,2,311909807125,324930000000,0
2026-02-07T19:03:41.678242+00:00,python-naive,4,222808163,231297139,1118578.5257543656,8ee23e64581a0e8d8d35ae64e2ccb71a2f3bb4f1cc517a99fdf151e8bb353ff3,47116,0,21,0,0,,1,,,,,10.166267247099002,3.427692307692308,0.04614495151478918,14946.22265625,0.0,0.0,0.0,6.015275671998097,1,True,5,30,50,python,naive,2,311909807125,324930000000,0
2026-02-07T19:03:41.678249+00:00,python-naive,5,208270137,215855306,1118578.5257543656,8ee23e64581a0e8d8d35ae64e2ccb71a2f3bb4f1cc517a99fdf151e8bb353ff3,47116,0,12,0,0,,1,,,,,10.166267247099002,3.427692307692308,0.04614495151478918,14946.22265625,0.0,0.0,0.0,6.015275671998097,1,True,5,30,50,python,naive,2,311909807125,324930000000,0
2026-02-07T19:03:41.678254+00:00,python-naive,6,195283298,202838903,1118578.5257543656,8ee23e64581a0e8d8d35ae64e2ccb71a2f3bb4f1cc517a99fdf151e8bb353ff3,47116,0,14,0,0,,1,,,,,10.166267247099002,3.427692307692308,0.04614495151478918,14946.22265625,0.0,0.0,0.0,6.015275671998097,1,True,5,30,50,python,naive,2,311909807125,324930000000,0
2026-02-07T19:03:41.678259+00:00,python-naive,7,180533715,188388623,1118578.5257543656,8ee23e64581a0e8d8d35ae64e2ccb71a2f3bb4f1cc517a99fdf151e8bb353ff3,47116,0,11,0,0,,1,,,,,10.166267247099002,3.427692307692308,0.04614495151478918,14946.22265625,0.0,0.0,0.0,6.015275671998097,1,True,5,30,50,python,naive,2,311909807125,324930000000,0
2026-02-07T19:03:41.678265+00:00,python-naive,8,171446592,178157476,1118578.5257543656,8ee23e64581a0e8d8d35ae64e2ccb71a2f3bb4f1cc517a99fdf151e8bb353ff3,47116,0,15,0,0,,1,,,,,10.166267247099002,3.427692307692308,0.04614495151478918,14946.22265625,0.0,0.0,0.0,6.015275671998097,1,True,5,30,50,python,naive,2,311909807125,324930000000,0
2026-02-07T19:03:41.678270+00:00,python-naive,9,191106259,196565835,1118578.5257543656,8ee23e64581a0e8d8d35ae64e2ccb71a2f3bb4f1cc517a99fdf151e8bb353ff3,47116,0,23,0,0,,1,,,,,10.166267247099002,3.427692307692308,0.04614495151478918,14946.22265625,0.0,0.0,0.0,6.015275671998097,1,True,5,30,50,python,naive,2,311909807125,324930000000,0
2026-02-07T19:03:41.678275+00:00,python-naive,10,184279882,198154139,1118578.5257543656,8ee23e64581a0e8d8d35ae64e2ccb71a2f3bb4f1cc517a99fdf151e8bb353ff3,47116,0,12,0,0,,1,,,,,10.166267247099002,3.427692307692308,0.04614495151478918,14946.22265625,0.0,0.0,0.0,6.015275671998097,1,True,5,30,50,python,naive,2,311909807125,324930000000,0
2026-02-07T19:03:41.678280+00:00,python-naive,11,205656134,212487498,1118578.5257543656,8ee23e64581a0e8d8d35ae64e2ccb71a2f3bb4f1cc517a99fdf151e8bb353ff3,47116,0,8,0,0,,1,,,,,10.166267247099002,3.427692307692308,0.04614495151478918,14946.22265625,0.0,0.0,0.0,6.015275671998097,1,True,5,30,50,python,naive,2,311909807125,324930000000,0
2026-02-07T19:03:41.678285+00:00,python-naive,12,224967510,227189066,1118578.5257543656,8ee23e64581a0e8d8d35ae64e2ccb71a2f3bb4f1cc517a99fdf151e8bb353ff3,47116,0,13,0,0,,1,,,,,10.166267247099002,3.427692307692308,0.04614495151478918,14946.22265625,0.0,0.0,0.0,6.015275671998097,1,True,5,30,50,python,naive,2,311909807125,324930000000,0
2026-02-07T19:03:41.678294+00:00,python-naive,13,234967807,247867961,1118578.5257543656,8ee23e64581a0e8d8d35ae64e2ccb71a2f3bb4f1cc517a99fdf151e8bb353ff3,47116,0,13,0,0,,1,,,,,10.166267247099002,3.427692307692308,0.04614495151478918,14946.22265625,0.0,0.0,0.0,6.015275671998097,1,True,5,30,50,python,naive,2,311909807125,324930000000,0
2026-02-07T19:03:41.678300+00:00,python-naive,14,237191921,248743073,1118578.5257543656,8ee23e64581a0e8d8d35ae64e2ccb71a2f3bb4f1cc517a99fdf151e8bb353ff3,47116,0,11,0,0,,1,,,,,10.166267247099002,3.427692307692308,0.04614495151478918,14946.22265625,0.0,0.0,0.0,6.015275671998097,1,True,5,30,50,python,naive,2,311909807125,324930000000,0
2026-02-07T19:03:41.678305+00:00,python-naive,15,214508639,220578414,1118578.5257543656,8ee23e64581a0e8d8d35ae64e2ccb71a2f3bb4f1cc517a99fdf151e8bb353ff3,47116,0,10,0,0,,1,,,,,10.166267247099002,3.427692307692308,0.04614495151478918,14946.22265625,0.0,0.0,0.0,6.015275671998097,1,True,5,30,50,python,naive,2,311909807125,324930000000,0
2026-02-07T19:03:41.678311+00:00,python-naive,16,193073747,208229919,1118578.5257543656,8ee23e64581a0e8d8d35ae64e2ccb71a2f3bb4f1cc517a99fdf151e8bb353ff3,47116,0,13,0,0,,1,,,,,10.166267247099002,3.427692307692308,0.04614495151478918,14946.22265625,0.0,0.0,0.0,6.015275671998097,1,True,5,30,50,python,naive,2,311909807125,324930000000,0
2026-02-07T19:03:41.678318+00:00,python-naive,17,191381431,197779863,1118578.5257543656,8ee23e64581a0e8d8d35ae64e2ccb71a2f3bb4f1cc517a99fdf151e8bb353ff3,47116,0,5,0,0,,1,,,,,10.166267247099002,3.427692307692308,0.04614495151478918,14946.22265625,0.0,0.0,0.0,6.015275671998097,1,True,5,30,50,python,naive,2,311909807125,324930000000,0
2026-02-07T19:03:41.678324+00:00,python-naive,18,169237967,170994099,1118578.5257543656,8ee23e64581a0e8d8d35ae64e2ccb71a2f3bb4f1cc517a99fdf151e8bb353ff3,47116,0,17,0,0,,1,,,,,10.166267247099002,3.427692307692308,0.04614495151478918,14946.22265625,0.0,0.0,0.0,6.015275671998097,1,True,5,30,50,python,naive,2,311909807125,324930000000,0
2026-02-07T19:03:41.678330+00:00,python-naive,19,161911307,173570538,1118578.5257543656,8ee23e64581a0e8d8d35ae64e2ccb71a2f3bb4f1cc517a99fdf151e8bb353ff3,47116,0,14,0,0,,1,,,,,10.166267247099002,3.427692307692308,0.04614495151478918,14946.22265625,0.0,0.0,0.0,6.015275671998097,1,True,5,30,50,python,naive,2,311909807125,324930000000,0
2026-02-07T19:03:41.678335+00:00,python-naive,20,172747074,182182132,1118578.5257543656,8ee23e64581a0e8d8d35ae64e2ccb71a2f3bb4f1cc517a99fdf151e8bb353ff3,47116,0,8,0,0,,1,,,,,10.166267247099002,3.427692307692308,0.04614495151478918,14946.22265625,0.0,0.0,0.0,6.015275671998097,1,True,5,30,50,python,naive,2,311909807125,324930000000,0
2026-02-07T19:03:41.678340+00:00,python-naive,21,186568239,193729281,1118578.5257543656,8ee23e64581a0e8d8d35ae64e2ccb71a2f3bb4f1cc517a99fdf151e8bb353ff3,47116,0,16,0,0,,1,,,,,10.166267247099002,3.427692307692308,0.04614495151478918,14946.22265625,0.0,0.0,0.0,6.015275671998097,1,True,5,30,50,python,naive,2,311909807125,324930000000,0
2026-02-07T19:03:41.678345+00:00,python-naive,22,194507820,200014791,1118578.5257543656,8ee23e64581a0e8d8d35ae64e2ccb71a2f3bb4f1cc517a99fdf151e8bb353ff3,47116,0,18,0,0,,1,,,,,10.166267247099002,3.427692307692308,0.04614495151478918,14946.22265625,0.0,0.0,0.0,6.015275671998097,1,True,5,30,50,python,naive,2,311909807125,324930000000,0
2026-02-07T19:03:41.678369+00:00,python-naive,23,194996884,208174618,1118578.5257543656,8ee23e64581a0e8d8d35ae64e2ccb71a2f3bb4f1cc517a99fdf151e8bb353ff3,47116,0,22,0,0,,1,,,,,10.166267247099002,3.427692307692308,0.04614495151478918,14946.22265625,0.0,0.0,0.0,6.015275671998097,1,True,5,30,50,python,naive,2,311909807125,324930000000,0
2026-02-07T19:03:41.678379+00:00,python-naive,24,215772024,224055136,1118578.5257543656,8ee23e64581a0e8d8d35ae64e2ccb71a2f3bb4f1cc517a99fdf151e8bb353ff3,47116,0,12,0,0,,1,,,,,10.166267247099002,3.427692307692308,0.04614495151478918,14946.22265625,0.0,0.0,0.0,6.015275671998097,1,True,5,30,50,python,naive,2,311909807125,324930000000,0
2026-02-07T19:03:41.678387+00:00,python-naive,25,232026858,237314947,1118578.5257543656,8ee23e64581a0e8d8d35ae64e2ccb71a2f3bb4f1cc517a99fdf151e8bb353ff3,47116,0,13,0,0,,1,,,,,10.166267247099002,3.427692307692308,0.04614495151478918,14946.22265625,0.0,0.0,0.0,6.015275671998097,1,True,5,30,50,python,naive,2,311909807125,324930000000,0
2026-02-07T19:03:41.678392+00:00,python-naive,26,246743186,262684649,1118578.5257543656,8ee23e64581a0e8d8d35ae64e2ccb71a2f3bb4f1cc517a99fdf151e8bb353ff3,47116,0,11,0,0,,1,,,,,10.166267247099002,3.427692307692308,0.04614495151478918,14946.22265625,0.0,0.0,0.0,6.015275671998097,1,True,5,30,50,python,naive,2,311909807125,324930000000,0
2026-02-07T19:03:41.678398+00:00,python-naive,27,259621563,268265541,1118578.5257543656,8ee23e64581a0e8d8d35ae64e2ccb71a2f3bb4f1cc517a99fdf151e8bb353ff3,47116,0,19,0,0,,1,,,,,10.166267247099002,3.427692307692308,0.04614495151478918,14946.22265625,0.0,0.0,0.0,6.015275671998097,1,True,5,30,50,python,naive,2,311909807125,324930000000,0
2026-02-07T19:03:41.678403+00:00,python-naive,28,236393857,244751975,1118578.5257543656,8ee23e64581a0e8d8d35ae64e2ccb71a2f3bb4f1cc517a99fdf151e8bb353ff3,47116,0,16,0,0,,1,,,,,10.166267247099002,3.427692307692308,0.04614495151478918,14946.22265625,0.0,0.0,0.0,6.015275671998097,1,True,5,30,50,python,naive,2,311909807125,324930000000,0
2026-02-07T19:03:41.678412+00:00,python-naive,29,217376506,231020882,1118578.5257543656,8ee23e64581a0e8d8d35ae64e2ccb71a2f3bb4f1cc517a99fdf151e8bb353ff3,47116,0,15,0,0,,1,,,,,10.166267247099002,3.427692307692308,0.04614495151478918,14946.22265625,0.0,0.0,0.0,6.015275671998097,1,True,5,30,50,python,naive,2,311909807125,324930000000,0
2026-02-07T19:04:01.604170+00:00,python-numpy,0,8349856,8664468,1118578.5257543775,8ee23e64581a0e8d8d35ae64e2ccb71a2f3bb4f1cc517a99fdf151e8bb353ff3,48904,0,0,36300,0,,1,,,,,11.145874744346274,4.23,0.0,14945.71484375,0.0,0.0,0.0,6.013178491000872,1,True,5,30,50,python,numpy,2,12520093074,12920000000,0
2026-02-07T19:04:01.604206+00:00,python-numpy,1,7859721,8155492,1118578.5257543775,8ee23e64581a0e8d8d35ae64e2ccb71a2f3bb4f1cc517a99fdf151e8bb353ff3,48904,0,1,36300,0,,1,,,,,11.145874744346274,4.23,0.0,14945.71484375,0.0,0.0,0.0,6.013178491000872,1,True,5,30,50,python,numpy,2,12520093074,12920000000,0
2026-02-07T19:04:01.604218+00:00,python-numpy,2,8183163,8279952,1118578.5257543775,8ee23e64581a0e8d8d35ae64e2ccb71a2f3bb4f1cc517a99fdf151e8bb353ff3,48904,0,0,36300,0,,1,,,,,11.145874744346274,4.23,0.0,14945.71484375,0.0,0.0,0.0,6.013178491000872,1,True,5,30,50,python,numpy,2,12520093074,12920000000,0
2026-02-07T19:04:01.604228+00:00,python-numpy,3,8352290,8370120,1118578.5257543775,8ee23e64581a0e8d8d35ae64e2ccb71a2f3bb4f1cc517a99fdf151e8bb353ff3,48904,0,1,36300,0,,1,,,,,11.145874744346274,4.23,0.0,14945.71484375,0.0,0.0,0.0,6.013178491000872,1,True,5,30,50,python,numpy,2,12520093074,12920000000,0
2026-02-07T19:04:01.604238+00:00,python-numpy,4,8374703,8393661,1118578.5257543775,8ee23e64581a0e8d8d35ae64e2ccb71a2f3bb4f1cc517a99fdf151e8bb353ff3,48908,0,1,36300,0,,1,,,,,11.145874744346274,4.23,0.0,14945.71484375,0.0,0.0,0.0,6.013178491000872,1,True,5,30,50,python,numpy,2,12520093074,12920000000,0
2026-02-07T19:04:01.604247+00:00,python-numpy,5,7641686,7659137,1118578.5257543775,8ee23e64581a0e8d8d35ae64e2ccb71a2f3bb4f1cc517a99fdf151e8bb353ff3,48908,0,0,36300,0,,1,,,,,11.145874744346274,4.23,0.0,14945.71484375,0.0,0.0,0.0,6.013178491000872,1,True,5,30,50,python,numpy,2,12520093074,12920000000,0
2026-02-07T19:04:01.604254+00:00,python-numpy,6,8211116,8229535,1118578.5257543775,8ee23e64581a0e8d8d35ae64e2ccb71a2f3bb4f1cc517a99fdf151e8bb353ff3,48908,0,1,36300,0,,1,,,,,11.145874744346274,4.23,0.0,14945.71484375,0.0,0.0,0.0,6.013178491000872,1,True,5,30,50,python,numpy,2,12520093074,12920000000,0
2026-02-07T19:04:01.604262+00:00,python-numpy,7,8381264,8400430,1118578.5257543775,8ee23e64581a0e8d8d35ae64e2ccb71a2f3bb4f1cc517a99fdf151e8bb353ff3,48908,0,0,36300,0,,1,,,,,11.145874744346274,4.23,0.0,14945.71484375,0.0,0.0,0.0,6.013178491000872,1,True,5,30,50,python,numpy,2,12520093074,12920000000,0
2026-02-07T19:04:01.604270+00:00,python-numpy,8,8364521,8383413,1118578.5257543775,8ee23e64581a0e8d8d35ae64e2ccb71a2f3bb4f1cc517a99fdf151e8bb353ff3,48908,0,1,36300,0,,1,,,,,11.145874744346274,4.23,0.0,14945.71484375,0.0,0.0,0.0,6.013178491000872,1,True,5,30,50,python,numpy,2,12520093074,12920000000,0
2026-02-07T19:04:01.604277+00:00,python-numpy,9,7990666,8008941,1118578.5257543775,8ee23e64581a0e8d8d35ae64e2ccb71a2f3bb4f1cc517a99fdf151e8bb353ff3,48908,0,0,36300,0,,1,,,,,11.145874744346274,4.23,0.0,14945.71484375,0.0,0.0,0.0,6.013178491000872,1,True,5,30,50,python,numpy,2,12520093074,12920000000,0
2026-02-07T19:04:01.604285+00:00,python-numpy,10,7955839,7973772,1118578.5257543775,8ee23e64581a0e8d8d35ae64e2ccb71a2f3bb4f1cc517a99fdf151e8bb353ff3,48908,0,1,36300,0,,1,,,,,11.145874744346274,4.23,0.0,14945.71484375,0.0,0.0,0.0,6.013178491000872,1,True,5,30,50,python,numpy,2,12520093074,12920000000,0
2026-02-07T19:04:01.604294+00:00,python-numpy,11,8588510,8607657,1118578.5257543775,8ee23e64581a0e8d8d35ae64e2ccb71a2f3bb4f1cc517a99fdf151e8bb353ff3,48908,0,1,36300,0,,1,,,,,11.145874744346274,4.23,0.0,14945.71484375,0.0,0.0,0.0,6.013178491000872,1,True,5,30,50,python,numpy,2,12520093074,12920000000,0
2026-02-07T19:04:01.604375+00:00,python-numpy,12,8667638,8796012,1118578.5257543775,8ee23e64581a0e8d8d35ae64e2ccb71a2f3bb4f1cc517a99fdf151e8bb353ff3,48908,0,0,36300,0,,1,,,,,11.145874744346274,4.23,0.0,14945.71484375,0.0,0.0,0.0,6.013178491000872,1,True,5,30,50,python,numpy,2,12520093074,12920000000,0
2026-02-07T19:04:01.604389+00:00,python-numpy,13,8761927,9095562,1118578.5257543775,8ee23e64581a0e8d8d35ae64e2ccb71a2f3bb4f1cc517a99fdf151e8bb353ff3,48908,0,2,36300,0,,1,,,,,11.145874744346274,4.23,0.0,14945.71484375,0.0,0.0,0.0,6.013178491000872,1,True,5,30,50,python,numpy,2,12520093074,12920000000,0
2026-02-07T19:04:01.604399+00:00,python-numpy,14,8152748,8463852,1118578.5257543775,8ee23e64581a0e8d8d35ae64e2ccb71a2f3bb4f1cc517a99fdf151e8bb353ff3,48908,0,0,36300,0,,1,,,,,11.145874744346274,4.23,0.0,14945.71484375,0.0,0.0,0.0,6.013178491000872,1,True,5,30,50,python,numpy,2,12520093074,12920000000,0
2026-02-07T19:04:01.604407+00:00,python-numpy,15,8078866,8386858,1118578.5257543775,8ee23e64581a0e8d8d35ae64e2ccb71a2f3bb4f1cc517a99fdf151e8bb353ff3,48908,0,1,36300,0,,1,,,,,11.145874744346274,4.23,0.0,14945.71484375,0.0,0.0,0.0,6.013178491000872,1,True,5,30,50,python,numpy,2,12520093074,12920000000,0
2026-02-07T19:04:01.604416+00:00,python-numpy,16,8114899,8424576,1118578.5257543775,8ee23e64581a0e8d8d35ae64e2ccb71a2f3bb4f1cc517a99fdf151e8bb353ff3,48908,0,0,36300,0,,1,,,,,11.145874744346274,4.23,0.0,14945.71484375,0.0,0.0,0.0,6.013178491000872,1,True,5,30,50,python,numpy,2,12520093074,12920000000,0
2026-02-07T19:04:01.604424+00:00,python-numpy,17,7652242,7944016,1118578.5257543775,8ee23e64581a0e8d8d35ae64e2ccb71a2f3bb4f1cc517a99fdf151e8bb353ff3,48908,0,1,36300,0,,1,,,,,11.145874744346274,4.23,0.0,14945.71484375,0.0,0.0,0.0,6.013178491000872,1,True,5,30,50,python,numpy,2,12520093074,12920000000,0
2026-02-07T19:04:01.604434+00:00,python-numpy,18,8172700,8484363,1118578.5257543775,8ee23e64581a0e8d8d35ae64e2ccb71a2f3bb4f1cc517a99fdf151e8bb353ff3,48908,0,1,36300,0,,1,,,,,11.145874744346274,4.23,0.0,14945.71484375,0.0,0.0,0.0,6.013178491000872,1,True,5,30,50,python,numpy,2,12520093074,12920000000,0
2026-02-07T19:04:01.604442+00:00,python-numpy,19,8127924,8438105,1118578.5257543775,8ee23e64581a0e8d8d35ae64e2ccb71a2f3bb4f1cc517a99fdf151e8bb353ff3,48908,0,0,36300,0,,1,,,,,11.145874744346274,4.23,0.0,14945.71484375,0.0,0.0,0.0,6.013178491000872,1,True,5,30,50,python,numpy,2,12520093074,12920000000,0
2026-02-07T19:04:01.604450+00:00,python-numpy,20,8166783,8478203,1118578.5257543775,8ee23e64581a0e8d8d35ae64e2ccb71a2f3bb4f1cc517a99fdf151e8bb353ff3,48908,0,1,36300,0,,1,,,,,11.145874744346274,4.23,0.0,14945.71484375,0.0,0.0,0.0,6.013178491000872,1,True,5,30,50,python,numpy,2,12520093074,12920000000,0
2026-02-07T19:04:01.604458+00:00,python-numpy,21,7923139,8261687,1118578.5257543775,8ee23e64581a0e8d8d35ae64e2ccb71a2f3bb4f1cc517a99fdf151e8bb353ff3,48908,0,0,36300,0,,1,,,,,11.145874744346274,4.23,0.0,14945.71484375,0.0,0.0,0.0,6.013178491000872,1,True,5,30,50,python,numpy,2,12520093074,12920000000,0
2026-02-07T19:04:01.604465+00:00,python-numpy,22,7758039,8239895,1118578.5257543775,8ee23e64581a0e8d8d35ae64e2ccb71a2f3bb4f1cc517a99fdf151e8bb353ff3,48908,0,1,36300,0,,1,,,,,11.145874744346274,4.23,0.0,14945.71484375,0.0,0.0,0.0,6.013178491000872,1,True,5,30,50,python,numpy,2,12520093074,12920000000,0
2026-02-07T19:04:01.604473+00:00,python-numpy,23,8083645,8585143,1118578.5257543775,8ee23e64581a0e8d8d35ae64e2ccb71a2f3bb4f1cc517a99fdf151e8bb353ff3,48908,0,3,36300,0,,1,,,,,11.145874744346274,4.23,0.0,14945.71484375,0.0,0.0,0.0,6.013178491000872,1,True,5,30,50,python,numpy,2,12520093074,12920000000,0
2026-02-07T19:04:01.604481+00:00,python-numpy,24,8557238,9088551,1118578.5257543775,8ee23e64581a0e8d8d35ae64e2ccb71a2f3bb4f1cc517a99fdf151e8bb353ff3,48908,0,1,36300,0,,1,,,,,11.145874744346274,4.23,0.0,14945.71484375,0.0,0.0,0.0,6.013178491000872,1,True,5,30,50,python,numpy,2,12520093074,12920000000,0
2026-02-07T19:04:01.604489+00:00,python-numpy,25,8137041,8642475,1118578.5257543775,8ee23e64581a0e8d8d35ae64e2ccb71a2f3bb4f1cc517a99fdf151e8bb353ff3,48908,0,1,36300,0,,1,,,,,11.145874744346274,4.23,0.0,14945.71484375,0.0,0.0,0.0,6.013178491000872,1,True,5,30,50,python,numpy,2,12520093074,12920000000,0
2026-02-07T19:04:01.604498+00:00,python-numpy,26,7921531,8413836,1118578.5257543775,8ee23e64581a0e8d8d35ae64e2ccb71a2f3bb4f1cc517a99fdf151e8bb353ff3,48908,0,0,36300,0,,1,,,,,11.145874744346274,4.23,0.0,14945.71484375,0.0,0.0,0.0,6.013178491000872,1,True,5,30,50,python,numpy,2,12520093074,12920000000,0
2026-02-07T19:04:01.604506+00:00,python-numpy,27,8116311,8619468,1118578.5257543775,8ee23e64581a0e8d8d35ae64e2ccb71a2f3bb4f1cc517a99fdf151e8bb353ff3,48908,0,2,36300,0,,1,,,,,11.145874744346274,4.23,0.0,14945.71484375,0.0,0.0,0.0,6.013178491000872,1,True,5,30,50,python,numpy,2,12520093074,12920000000,0
2026-02-07T19:04:01.604514+00:00,python-numpy,28,8355431,8874476,1118578.5257543775,8ee23e64581a0e8d8d35ae64e2ccb71a2f3bb4f1cc517a99fdf151e8bb353ff3,48908,0,1,36300,0,,1,,,,,11.145874744346274,4.23,0.0,14945.71484375,0.0,0.0,0.0,6.013178491000872,1,True,5,30,50,python,numpy,2,12520093074,12920000000,0
2026-02-07T19:04:01.604521+00:00,python-numpy,29,8127856,8632996,1118578.5257543775,8ee23e64581a0e8d8d35ae64e2ccb71a2f3bb4f1cc517a99fdf151e8bb353ff3,48908,0,0,36300,0,,1,,,,,11.145874744346274,4.23,0.0,14945.71484375,0.0,0.0,0.0,6.013178491000872,1,True,5,30,50,python,numpy,2,12520093074,12920000000,0
2026-02-07T19:04:10.251243+00:00,c-naive,0,1835866,1948482,1118578.5257543656,8ee23e64581a0e8d8d35ae64e2ccb71a2f3bb4f1cc517a99fdf151e8bb353ff3,24288,0,3,1,0,,1,,,,,10.581755807837284,3.9269230769230767,0.006497020411150696,14947.87890625,0.0,0.0,0.0,6.014088259998971,1,True,5,30,50,c,naive,2,2632206998,2799999999,0
2026-02-07T19:04:10.251266+00:00,c-naive,1,1779342,1894376,1118578.5257543656,8ee23e64581a0e8d8d35ae64e2ccb71a2f3bb4f1cc517a99fdf151e8bb353ff3,24288,0,1,0,0,,1,,,,,10.581755807837284,3.9269230769230767,0.006497020411150696,14947.87890625,0.0,0.0,0.0,6.014088259998971,1,True,5,30,50,c,naive,2,2632206998,2799999999,0
2026-02-07T19:04:10.251272+00:00,c-naive,2,1788883,1904420,1118578.5257543656,8ee23e64581a0e8d8d35ae64e2ccb71a2f3bb4f1cc517a99fdf151e8bb353ff3,24288,0,1,0,0,,1,,,,,10.581755807837284,3.9269230769230767,0.006497020411150696,14947.87890625,0.0,0.0,0.0,6.014088259998971,1,True,5,30,50,c,naive,2,2632206998,2799999999,0
2026-02-07T19:04:10.251277+00:00,c-naive,3,1777226,1892359,1118578.5257543656,8ee23e64581a0e8d8d35ae64e2ccb71a2f3bb4f1cc517a99fdf151e8bb353ff3,24288,0,0,0,0,,1,,,,,10.581755807837284,3.9269230769230767,0.006497020411150696,14947.87890625,0.0,0.0,0.0,6.014088259998971,1,True,5,30,50,c,naive,2,2632206998,2799999999,0
2026-02-07T19:04:10.251282+00:00,c-naive,4,1773795,1888716,1118578.5257543656,8ee23e64581a0e8d8d35ae64e2ccb71a2f3bb4f1cc517a99fdf151e8bb353ff3,24288,0,0,0,0,,1,,,,,10.581755807837284,3.9269230769230767,0.006497020411150696,14947.87890625,0.0,0.0,0.0,6.014088259998971,1,True,5,30,50,c,naive,2,2632206998,2799999999,0
2026-02-07T19:04:10.251288+00:00,c-naive,5,1901215,2024392,1118578.5257543656,8ee23e64581a0e8d8d35ae64e2ccb71a2f3bb4f1cc517a99fdf151e8bb353ff3,24288,0,0,0,0,,1,,,,,10.581755807837284,3.9269230769230767,0.006497020411150696,14947.87890625,0.0,0.0,0.0,6.014088259998971,1,True,5,30,50,c,naive,2,2632206998,2799999999,0
2026-02-07T19:04:10.251292+00:00,c-naive,6,1569500,1670147,1118578.5257543656,8ee23e64581a0e8d8d35ae64e2ccb71a2f3bb4f1cc517a99fdf151e8bb353ff3,24288,0,1,0,0,,1,,,,,10.581755807837284,3.9269230769230767,0.006497020411150696,14947.87890625,0.0,0.0,0.0,6.014088259998971,1,True,5,30,50,c,naive,2,2632206998,2799999999,0
2026-02-07T19:04:10.251296+00:00,c-naive,7,1596730,1700174,1118578.5257543656,8ee23e64581a0e8d8d35ae64e2ccb71a2f3bb4f1cc517a99fdf151e8bb353ff3,24288,0,0,0,0,,1,,,,,10.581755807837284,3.9269230769230767,0.006497020411150696,14947.87890625,0.0,0.0,0.0,6.014088259998971,1,True,5,30,50,c,naive,2,2632206998,2799999999,0
2026-02-07T19:04:10.251301+00:00,c-naive,8,1871995,1993279,1118578.5257543656,8ee23e64581a0e8d8d35ae64e2ccb71a2f3bb4f1cc517a99fdf151e8bb353ff3,24288,0,0,0,0,,1,,,,,10.581755807837284,3.9269230769230767,0.006497020411150696,14947.87890625,0.0,0.0,0.0,6.014088259998971,1,True,5,30,50,c,naive,2,2632206998,2799999999,0
2026-02-07T19:04:10.251304+00:00,c-naive,9,1672291,1780287,1118578.5257543656,8ee23e64581a0e8d8d35ae64e2ccb71a2f3bb4f1cc517a99fdf151e8bb353ff3,24288,0,1,0,0,,1,,,,,10.581755807837284,3.9269230769230767,0.006497020411150696,14947.87890625,0.0,0.0,0.0,6.014088259998971,1,True,5,30,50,c,naive,2,2632206998,2799999999,0
2026-02-07T19:04:10.251308+00:00,c-naive,10,1684741,1793892,1118578.5257543656,8ee23e64581a0e8d8d35ae64e2ccb71a2f3bb4f1cc517a99fdf151e8bb353ff3,24288,0,0,0,0,,1,,,,,10.581755807837284,3.9269230769230767,0.006497020411150696,14947.87890625,0.0,0.0,0.0,6.014088259998971,1,True,5,30,50,c,naive,2,2632206998,2799999999,0
2026-02-07T19:04:10.251312+00:00,c-naive,11,1693181,1802890,1118578.5257543656,8ee23e64581a0e8d8d35ae64e2ccb71a2f3bb4f1cc517a99fdf151e8bb353ff3,24288,0,0,0,0,,1,,,,,10.581755807837284,3.9269230769230767,0.006497020411150696,14947.87890625,0.0,0.0,0.0,6.014088259998971,1,True,5,30,50,c,naive,2,2632206998,2799999999,0
2026-02-07T19:04:10.251317+00:00,c-naive,12,1923363,2047979,1118578.5257543656,8ee23e64581a0e8d8d35ae64e2ccb71a2f3bb4f1cc517a99fdf151e8bb353ff3,24288,0,0,0,0,,1,,,,,10.581755807837284,3.9269230769230767,0.006497020411150696,14947.87890625,0.0,0.0,0.0,6.014088259998971,1,True,5,30,50,c,naive,2,2632206998,2799999999,0
2026-02-07T19:04:10.251320+00:00,c-naive,13,1890570,2011269,1118578.5257543656,8ee23e64581a0e8d8d35ae64e2ccb71a2f3bb4f1cc517a99fdf151e8bb353ff3,24288,0,1,0,0,,1,,,,,10.581755807837284,3.9269230769230767,0.006497020411150696,14947.87890625,0.0,0.0,0.0,6.014088259998971,1,True,5,30,50,c,naive,2,2632206998,2799999999,0
2026-02-07T19:04:10.251324+00:00,c-naive,14,1851708,1971656,1118578.5257543656,8ee23e64581a0e8d8d35ae64e2ccb71a2f3bb4f1cc517a99fdf151e8bb353ff3,24288,0,0,0,0,,1,,,,,10.581755807837284,3.9269230769230767,0.006497020411150696,14947.87890625,0.0,0.0,0.0,6.014088259998971,1,True,5,30,50,c,naive,2,2632206998,2799999999,0
2026-02-07T19:04:10.251328+00:00,c-naive,15,1908198,2031826,1118578.5257543656,8ee23e64581a0e8d8d35ae64e2ccb71a2f3bb4f1cc517a99fdf151e8bb353ff3,24288,0,0,0,0,,1,,,,,10.581755807837284,3.9269230769230767,0.006497020411150696,14947.87890625,0.0,0.0,0.0,6.014088259998971,1,True,5,30,50,c,naive,2,2632206998,2799999999,0
2026-02-07T19:04:10.251332+00:00,c-naive,16,1841652,1960980,1118578.5257543656,8ee23e64581a0e8d8d35ae64e2ccb71a2f3bb4f1cc517a99fdf151e8bb353ff3,24288,0,0,0,0,,1,,,,,10.581755807837284,3.9269230769230767,0.006497020411150696,14947.87890625,0.0,0.0,0.0,6.014088259998971,1,True,5,30,50,c,naive,2,2632206998,2799999999,0
2026-02-07T19:04:10.251336+00:00,c-naive,17,1678328,1787069,1118578.5257543656,8ee23e64581a0e8d8d35ae64e2ccb71a2f3bb4f1cc517a99fdf151e8bb353ff3,24288,0,0,0,0,,1,,,,,10.581755807837284,3.9269230769230767,0.006497020411150696,14947.87890625,0.0,0.0,0.0,6.014088259998971,1,True,5,30,50,c,naive,2,2632206998,2799999999,0
2026-02-07T19:04:10.251340+00:00,c-naive,18,1584523,1687185,1118578.5257543656,8ee23e64581a0e8d8d35ae64e2ccb71a2f3bb4f1cc517a99fdf151e8bb353ff3,24288,0,0,0,0,,1,,,,,10.581755807837284,3.9269230769230767,0.006497020411150696,14947.87890625,0.0,0.0,0.0,6.014088259998971,1,True,5,30,50,c,naive,2,2632206998,2799999999,0
2026-02-07T19:04:10.251344+00:00,c-naive,19,1869509,1990611,1118578.5257543656,8ee23e64581a0e8d8d35ae64e2ccb71a2f3bb4f1cc517a99fdf151e8bb353ff3,24288,0,0,0,0,,1,,,,,10.581755807837284,3.9269230769230767,0.006497020411150696,14947.87890625,0.0,0.0,0.0,6.014088259998971,1,True,5,30,50,c,naive,2,2632206998,2799999999,0
2026-02-07T19:04:10.251348+00:00,c-naive,20,1707536,1818172,1118578.5257543656,8ee23e64581a0e8d8d35ae64e2ccb71a2f3bb4f1cc517a99fdf151e8bb353ff3,24288,0,0,0,0,,1,,,,,10.581755807837284,3.9269230769230767,0.006497020411150696,14947.87890625,0.0,0.0,0.0,6.014088259998971,1,True,5,30,50,c,naive,2,2632206998,2799999999,0
2026-02-07T19:04:10.251351+00:00,c-naive,21,1684917,1794079,1118578.5257543656,8ee23e64581a0e8d8d35ae64e2ccb71a2f3bb4f1cc517a99fdf151e8bb353ff3,24288,0,0,0,0,,1,,,,,10.581755807837284,3.9269230769230767,0.006497020411150696,14947.87890625,0.0,0.0,0.0,6.014088259998971,1,True,5,30,50,c,naive,2,2632206998,2799999999,0
2026-02-07T19:04:10.251355+00:00,c-naive,22,1702355,1812633,1118578.5257543656,8ee23e64581a0e8d8d35ae64e2ccb71a2f3bb4f1cc517a99fdf151e8bb353ff3,24288,0,0,0,0,,1,,,,,10.581755807837284,3.9269230769230767,0.006497020411150696,14947.87890625,0.0,0.0,0.0,6.014088259998971,1,True,5,30,50,c,naive,2,2632206998,2799999999,0
2026-02-07T19:04:10.251359+00:00,c-naive,23,1750558,1863970,1118578.5257543656,8ee23e64581a0e8d8d35ae64e2ccb71a2f3bb4f1cc517a99fdf151e8bb353ff3,24288,0,0,0,0,,1,,,,,10.581755807837284,3.9269230769230767,0.006497020411150696,14947.87890625,0.0,0.0,0.0,6.014088259998971,1,True,5,30,50,c,naive,2,2632206998,2799999999,0
2026-02-07T19:04:10.251362+00:00,c-naive,24,1820695,1938665,1118578.5257543656,8ee23e64581a0e8d8d35ae64e2ccb71a2f3bb4f1cc517a99fdf151e8bb353ff3,24288,0,0,0,0,,1,,,,,10.581755807837284,3.9269230769230767,0.006497020411150696,14947.87890625,0.0,0.0,0.0,6.014088259998971,1,True,5,30,50,c,naive,2,2632206998,2799999999,0
2026-02-07T19:04:10.251366+00:00,c-naive,25,1778829,1894071,1118578.5257543656,8ee23e64581a0e8d8d35ae64e2ccb71a2f3bb4f1cc517a99fdf151e8bb353ff3,24288,0,0,0,0,,1,,,,,10.581755807837284,3.9269230769230767,0.006497020411150696,14947.87890625,0.0,0.0,0.0,6.014088259998971,1,True,5,30,50,c,naive,2,2632206998,2799999999,0
2026-02-07T19:04:10.251370+00:00,c-naive,26,1717117,1825866,1118578.5257543656,8ee23e64581a0e8d8d35ae64e2ccb71a2f3bb4f1cc517a99fdf151e8bb353ff3,24288,0,0,0,0,,1,,,,,10.581755807837284,3.9269230769230767,0.006497020411150696,14947.87890625,0.0,0.0,0.0,6.014088259998971,1,True,5,30,50,c,naive,2,2632206998,2799999999,0
2026-02-07T19:04:10.251374+00:00,c-naive,27,1701711,1811965,1118578.5257543656,8ee23e64581a0e8d8d35ae64e2ccb71a2f3bb4f1cc517a99fdf151e8bb353ff3,24288,0,0,0,0,,1,,,,,10.581755807837284,3.9269230769230767,0.006497020411150696,14947.87890625,0.0,0.0,0.0,6.014088259998971,1,True,5,30,50,c,naive,2,2632206998,2799999999,0
2026-02-07T19:04:10.251378+00:00,c-naive,28,1515746,1613947,1118578.5257543656,8ee23e64581a0e8d8d35ae64e2ccb71a2f3bb4f1cc517a99fdf151e8bb353ff3,24288,0,0,0,0,,1,,,,,10.581755807837284,3.9269230769230767,0.006497020411150696,14947.87890625,0.0,0.0,0.0,6.014088259998971,1,True,5,30,50,c,naive,2,2632206998,2799999999,0
2026-02-07T19:04:10.251382+00:00,c-naive,29,1311786,1396754,1118578.5257543656,8ee23e64581a0e8d8d35ae64e2ccb71a2f3bb4f1cc517a99fdf151e8bb353ff3,24288,0,0,0,0,,1,,,,,10.581755807837284,3.9269230769230767,0.006497020411150696,14947.87890625,0.0,0.0,0.0,6.014088259998971,1,True,5,30,50,c,naive,2,2632206998,2799999999,0
2026-02-07T19:04:18.770177+00:00,cpp-naive,0,1435953,1488861,1118578.5257543656,8ee23e64581a0e8d8d35ae64e2ccb71a2f3bb4f1cc517a99fdf151e8bb353ff3,24288,0,1,1,0,,1,,,,,8.667048151781076,3.800769230769231,0.0,14946.72265625,0.0,0.0,0.0,6.013071770001261,1,True,5,30,50,cpp,naive,2,2505310025,2600000000,0
2026-02-07T19:04:18.770207+00:00,cpp-naive,1,1781662,1849466,1118578.5257543656,8ee23e64581a0e8d8d35ae64e2ccb71a2f3bb4f1cc517a99fdf151e8bb353ff3,24288,0,0,0,0,,1,,,,,8.667048151781076,3.800769230769231,0.0,14946.72265625,0.0,0.0,0.0,6.013071770001261,1,True,5,30,50,cpp,naive,2,2505310025,2600000000,0
2026-02-07T19:04:18.770215+00:00,cpp-naive,2,1472539,1528582,1118578.5257543656,8ee23e64581a0e8d8d35ae64e2ccb71a2f3bb4f1cc517a99fdf151e8bb353ff3,24288,0,0,0,0,,1,,,,,8.667048151781076,3.800769230769231,0.0,14946.72265625,0.0,0.0,0.0,6.013071770001261,1,True,5,30,50,cpp,naive,2,2505310025,2600000000,0
2026-02-07T19:04:18.770221+00:00,cpp-naive,3,1669665,1733205,1118578.5257543656,8ee23e64581a0e8d8d35ae64e2ccb71a2f3bb4f1cc517a99fdf151e8bb353ff3,24288,0,0,0,0,,1,,,,,8.667048151781076,3.800769230769231,0.0,14946.72265625,0.0,0.0,0.0,6.013071770001261,1,True,5,30,50,cpp,naive,2,2505310025,2600000000,0
2026-02-07T19:04:18.770228+00:00,cpp-naive,4,1657054,1720116,1118578.5257543656,8ee23e64581a0e8d8d35ae64e2ccb71a2f3bb4f1cc517a99fdf151e8bb353ff3,24288,0,0,0,0,,1,,,,,8.667048151781076,3.800769230769231,0.0,14946.72265625,0.0,0.0,0.0,6.013071770001261,1,True,5,30,50,cpp,naive,2,2505310025,2600000000,0
2026-02-07T19:04:18.770234+00:00,cpp-naive,5,1552857,1611962,1118578.5257543656,8ee23e64581a0e8d8d35ae64e2ccb71a2f3bb4f1cc517a99fdf151e8bb353ff3,24288,0,0,0,0,,1,,,,,8.667048151781076,3.800769230769231,0.0,14946.72265625,0.0,0.0,0.0,6.013071770001261,1,True,5,30,50,cpp,naive,2,2505310025,2600000000,0
2026-02-07T19:04:18.770239+00:00,cpp-naive,6,1690694,1754829,1118578.5257543656,8ee23e64581a0e8d8d35ae64e2ccb71a2f3bb4f1cc517a99fdf151e8bb353ff3,24288,0,1,0,0,,1,,,,,8.667048151781076,3.800769230769231,0.0,14946.72265625,0.0,0.0,0.0,6.013071770001261,1,True,5,30,50,cpp,naive,2,2505310025,2600000000,0
2026-02-07T19:04:18.770244+00:00,cpp-naive,7,1738983,1805165,1118578.5257543656,8ee23e64581a0e8d8d35ae64e2ccb71a2f3bb4f1cc517a99fdf151e8bb353ff3,24288,0,0,0,0,,1,,,,,8.667048151781076,3.800769230769231,0.0,14946.72265625,0.0,0.0,0.0,6.013071770001261,1,True,5,30,50,cpp,naive,2,2505310025,2600000000,0
2026-02-07T19:04:18.770249+00:00,cpp-naive,8,1748358,1814888,1118578.5257543656,8ee23e64581a0e8d8d35ae64e2ccb71a2f3bb4f1cc517a99fdf151e8bb353ff3,24288,0,0,0,0,,1,,,,,8.667048151781076,3.800769230769231,0.0,14946.72265625,0.0,0.0,0.0,6.013071770001261,1,True,5,30,50,cpp,naive,2,2505310025,2600000000,0
2026-02-07T19:04:18.770255+00:00,cpp-naive,9,1807729,1876525,1118578.5257543656,8ee23e64581a0e8d8d35ae64e2ccb71a2f3bb4f1cc517a99fdf151e8bb353ff3,24288,0,0,0,0,,1,,,,,8.667048151781076,3.800769230769231,0.0,14946.72265625,0.0,0.0,0.0,6.013071770001261,1,True,5,30,50,cpp,naive,2,2505310025,2600000000,0
2026-02-07T19:04:18.770260+00:00,cpp-naive,10,1592284,1652878,1118578.5257543656,8ee23e64581a0e8d8d35ae64e2ccb71a2f3bb4f1cc517a99fdf151e8bb353ff3,24288,0,0,0,0,,1,,,,,8.667048151781076,3.800769230769231,0.0,14946.72265625,0.0,0.0,0.0,6.013071770001261,1,True,5,30,50,cpp,naive,2,2505310025,2600000000,0
2026-02-07T19:04:18.770265+00:00,cpp-naive,11,1396540,1449698,1118578.5257543656,8ee23e64581a0e8d8d35ae64e2ccb71a2f3bb4f1cc517a99fdf151e8bb353ff3,24288,0,0,0,0,,1,,,,,8.667048151781076,3.800769230769231,0.0,14946.72265625,0.0,0.0,0.0,6.013071770001261,1,True,5,30,50,cpp,naive,2,2505310025,2600000000,0
2026-02-07T19:04:18.770270+00:00,cpp-naive,12,1391027,1443968,1118578.5257543656,8ee23e64581a0e8d8d35ae64e2ccb71a2f3bb4f1cc517a99fdf151e8bb353ff3,24288,0,0,0,0,,1,,,,,8.667048151781076,3.800769230769231,0.0,14946.72265625,0.0,0.0,0.0,6.013071770001261,1,True,5,30,50,cpp,naive,2,2505310025,2600000000,0
2026-02-07T19:04:18.770275+00:00,cpp-naive,13,1614538,1675978,1118578.5257543656,8ee23e64581a0e8d8d35ae64e2ccb71a2f3bb4f1cc517a99fdf151e8bb353ff3,24288,0,0,0,0,,1,,,,,8.667048151781076,3.800769230769231,0.0,14946.72265625,0.0,0.0,0.0,6.013071770001261,1,True,5,30,50,cpp,naive,2,2505310025,2600000000,0
2026-02-07T19:04:18.770279+00:00,cpp-naive,14,1655897,1718917,1118578.5257543656,8ee23e64581a0e8d8d35ae64e2ccb71a2f3bb4f1cc517a99fdf151e8bb353ff3,24288,0,0,0,0,,1,,,,,8.667048151781076,3.800769230769231,0.0,14946.72265625,0.0,0.0,0.0,6.013071770001261,1,True,5,30,50,cpp,naive,2,2505310025,2600000000,0
2026-02-07T19:04:18.770285+00:00,cpp-naive,15,1584882,1645175,1118578.5257543656,8ee23e64581a0e8d8d35ae64e2ccb71a2f3bb4f1cc517a99fdf151e8bb353ff3,24288,0,0,0,0,,1,,,,,8.667048151781076,3.800769230769231,0.0,14946.72265625,0.0,0.0,0.0,6.013071770001261,1,True,5,30,50,cpp,naive,2,2505310025,2600000000,0
2026-02-07T19:04:18.770290+00:00,cpp-naive,16,1671270,1734879,1118578.5257543656,8ee23e64581a0e8d8d35ae64e2ccb71a2f3bb4f1cc517a99fdf151e8bb353ff3,24288,0,0,0,0,,1,,,,,8.667048151781076,3.800769230769231,0.0,14946.72265625,0.0,0.0,0.0,6.013071770001261,1,True,5,30,50,cpp,naive,2,2505310025,2600000000,0
2026-02-07T19:04:18.770294+00:00,cpp-naive,17,1566600,1626223,1118578.5257543656,8ee23e64581a0e8d8d35ae64e2ccb71a2f3bb4f1cc517a99fdf151e8bb353ff3,24288,0,0,0,0,,1,,,,,8.667048151781076,3.800769230769231,0.0,14946.72265625,0.0,0.0,0.0,6.013071770001261,1,True,5,30,50,cpp,naive,2,2505310025,2600000000,0
2026-02-07T19:04:18.770300+00:00,cpp-naive,18,1549583,1608374,1118578.5257543656,8ee23e64581a0e8d8d35ae64e2ccb71a2f3bb4f1cc517a99fdf151e8bb353ff3,24288,0,1,0,0,,1,,,,,8.667048151781076,3.800769230769231,0.0,14946.72265625,0.0,0.0,0.0,6.013071770001261,1,True,5,30,50,cpp,naive,2,2505310025,2600000000,0
2026-02-07T19:04:18.770306+00:00,cpp-naive,19,1732129,1798044,1118578.5257543656,8ee23e64581a0e8d8d35ae64e2ccb71a2f3bb4f1cc517a99fdf151e8bb353ff3,24288,0,0,0,0,,1,,,,,8.667048151781076,3.800769230769231,0.0,14946.72265625,0.0,0.0,0.0,6.013071770001261,1,True,5,30,50,cpp,naive,2,2505310025,2600000000,0
2026-02-07T19:04:18.770310+00:00,cpp-naive,20,1700195,1764903,1118578.5257543656,8ee23e64581a0e8d8d35ae64e2ccb71a2f3bb4f1cc517a99fdf151e8bb353ff3,24288,0,0,0,0,,1,,,,,8.667048151781076,3.800769230769231,0.0,14946.72265625,0.0,0.0,0.0,6.013071770001261,1,True,5,30,50,cpp,naive,2,2505310025,2600000000,0
2026-02-07T19:04:18.770316+00:00,cpp-naive,21,1792465,1860678,1118578.5257543656,8ee23e64581a0e8d8d35ae64e2ccb71a2f3bb4f1cc517a99fdf151e8bb353ff3,24288,0,0,0,0,,1,,,,,8.667048151781076,3.800769230769231,0.0,14946.72265625,0.0,0.0,0.0,6.013071770001261,1,True,5,30,50,cpp,naive,2,2505310025,2600000000,0
2026-02-07T19:04:18.770320+00:00,cpp-naive,22,1844526,1914722,1118578.5257543656,8ee23e64581a0e8d8d35ae64e2ccb71a2f3bb4f1cc517a99fdf151e8bb353ff3,24288,0,0,0,0,,1,,,,,8.667048151781076,3.800769230769231,0.0,14946.72265625,0.0,0.0,0.0,6.013071770001261,1,True,5,30,50,cpp,naive,2,2505310025,2600000000,0
2026-02-07T19:04:18.770325+00:00,cpp-naive,23,1459471,1515019,1118578.5257543656,8ee23e64581a0e8d8d35ae64e2ccb71a2f3bb4f1cc517a99fdf151e8bb353ff3,24288,0,0,0,0,,1,,,,,8.667048151781076,3.800769230769231,0.0,14946.72265625,0.0,0.0,0.0,6.013071770001261,1,True,5,30,50,cpp,naive,2,2505310025,2600000000,0
2026-02-07T19:04:18.770330+00:00,cpp-naive,24,1386591,1439363,1118578.5257543656,8ee23e64581a0e8d8d35ae64e2ccb71a2f3bb4f1cc517a99fdf151e8bb353ff3,24288,0,0,0,0,,1,,,,,8.667048151781076,3.800769230769231,0.0,14946.72265625,0.0,0.0,0.0,6.013071770001261,1,True,5,30,50,cpp,naive,2,2505310025,2600000000,0
2026-02-07T19:04:18.770335+00:00,cpp-naive,25,2236291,2321404,1118578.5257543656,8ee23e64581a0e8d8d35ae64e2ccb71a2f3bb4f1cc517a99fdf151e8bb353ff3,24288,0,0,0,0,,1,,,,,8.667048151781076,3.800769230769231,0.0,14946.72265625,0.0,0.0,0.0,6.013071770001261,1,True,5,30,50,cpp,naive,2,2505310025,2600000000,0
2026-02-07T19:04:18.770340+00:00,cpp-naive,26,1716986,1782321,1118578.5257543656,8ee23e64581a0e8d8d35ae64e2ccb71a2f3bb4f1cc517a99fdf151e8bb353ff3,24288,0,0,0,0,,1,,,,,8.667048151781076,3.800769230769231,0.0,14946.72265625,0.0,0.0,0.0,6.013071770001261,1,True,5,30,50,cpp,naive,2,2505310025,2600000000,0
2026-02-07T19:04:18.770345+00:00,cpp-naive,27,1792950,1861178,1118578.5257543656,8ee23e64581a0e8d8d35ae64e2ccb71a2f3bb4f1cc517a99fdf151e8bb353ff3,24288,0,0,0,0,,1,,,,,8.667048151781076,3.800769230769231,0.0,14946.72265625,0.0,0.0,0.0,6.013071770001261,1,True,5,30,50,cpp,naive,2,2505310025,2600000000,0
2026-02-07T19:04:18.770378+00:00,cpp-naive,28,1729168,1794973,1118578.5257543656,8ee23e64581a0e8d8d35ae64e2ccb71a2f3bb4f1cc517a99fdf151e8bb353ff3,24288,0,0,0,0,,1,,,,,8.667048151781076,3.800769230769231,0.0,14946.72265625,0.0,0.0,0.0,6.013071770001261,1,True,5,30,50,cpp,naive,2,2505310025,2600000000,0
2026-02-07T19:04:18.770388+00:00,cpp-naive,29,1736097,1802145,1118578.5257543656,8ee23e64581a0e8d8d35ae64e2ccb71a2f3bb4f1cc517a99fdf151e8bb353ff3,24288,0,0,0,0,,1,,,,,8.667048151781076,3.800769230769231,0.0,14946.72265625,0.0,0.0,0.0,6.013071770001261,1,True,5,30,50,cpp,naive,2,2505310025,2600000000,0
2026-02-07T19:04:30.616210+00:00,rust-naive,0,3278400,3264603,1118578.5257543656,8ee23e64581a0e8d8d35ae64e2ccb71a2f3bb4f1cc517a99fdf151e8bb353ff3,4752,0,2,2,0,,1,,,,,8.838498398594885,3.7261538461538466,0.02078963775580404,14946.30078125,0.0,0.0,0.0,6.013011446997552,1,True,5,30,50,rust,naive,2,4412350438,4529999999,0
2026-02-07T19:04:30.616240+00:00,rust-naive,1,3075050,3065410,1118578.5257543656,8ee23e64581a0e8d8d35ae64e2ccb71a2f3bb4f1cc517a99fdf151e8bb353ff3,4752,0,0,0,0,,1,,,,,8.838498398594885,3.7261538461538466,0.02078963775580404,14946.30078125,0.0,0.0,0.0,6.013011446997552,1,True,5,30,50,rust,naive,2,4412350438,4529999999,0
2026-02-07T19:04:30.616248+00:00,rust-naive,2,2997893,2988496,1118578.5257543656,8ee23e64581a0e8d8d35ae64e2ccb71a2f3bb4f1cc517a99fdf151e8bb353ff3,4752,0,0,0,0,,1,,,,,8.838498398594885,3.7261538461538466,0.02078963775580404,14946.30078125,0.0,0.0,0.0,6.013011446997552,1,True,5,30,50,rust,naive,2,4412350438,4529999999,0
2026-02-07T19:04:30.616255+00:00,rust-naive,3,2676959,2668555,1118578.5257543656,8ee23e64581a0e8d8d35ae64e2ccb71a2f3bb4f1cc517a99fdf151e8bb353ff3,4752,0,0,0,0,,1,,,,,8.838498398594885,3.7261538461538466,0.02078963775580404,14946.30078125,0.0,0.0,0.0,6.013011446997552,1,True,5,30,50,rust,naive,2,4412350438,4529999999,0
2026-02-07T19:04:30.616262+00:00,rust-naive,4,2923621,2914404,1118578.5257543656,8ee23e64581a0e8d8d35ae64e2ccb71a2f3bb4f1cc517a99fdf151e8bb353ff3,4752,0,0,0,0,,1,,,,,8.838498398594885,3.7261538461538466,0.02078963775580404,14946.30078125,0.0,0.0,0.0,6.013011446997552,1,True,5,30,50,rust,naive,2,4412350438,4529999999,0
2026-02-07T19:04:30.616268+00:00,rust-naive,5,2975184,2965832,1118578.5257543656,8ee23e64581a0e8d8d35ae64e2ccb71a2f3bb4f1cc517a99fdf151e8bb353ff3,4752,0,0,0,0,,1,,,,,8.838498398594885,3.7261538461538466,0.02078963775580404,14946.30078125,0.0,0.0,0.0,6.013011446997552,1,True,5,30,50,rust,naive,2,4412350438,4529999999,0
2026-02-07T19:04:30.616274+00:00,rust-naive,6,2829549,2820470,1118578.5257543656,8ee23e64581a0e8d8d35ae64e2ccb71a2f3bb4f1cc517a99fdf151e8bb353ff3,4752,0,1,0,0,,1,,,,,8.838498398594885,3.7261538461538466,0.02078963775580404,14946.30078125,0.0,0.0,0.0,6.013011446997552,1,True,5,30,50,rust,naive,2,4412350438,4529999999,0
2026-02-07T19:04:30.616279+00:00,rust-naive,7,2862141,2868196,1118578.5257543656,8ee23e64581a0e8d8d35ae64e2ccb71a2f3bb4f1cc517a99fdf151e8bb353ff3,4752,0,0,0,0,,1,,,,,8.838498398594885,3.7261538461538466,0.02078963775580404,14946.30078125,0.0,0.0,0.0,6.013011446997552,1,True,5,30,50,rust,naive,2,4412350438,4529999999,0
2026-02-07T19:04:30.616285+00:00,rust-naive,8,2984685,3098561,1118578.5257543656,8ee23e64581a0e8d8d35ae64e2ccb71a2f3bb4f1cc517a99fdf151e8bb353ff3,4752,0,0,0,0,,1,,,,,8.838498398594885,3.7261538461538466,0.02078963775580404,14946.30078125,0.0,0.0,0.0,6.013011446997552,1,True,5,30,50,rust,naive,2,4412350438,4529999999,0
2026-02-07T19:04:30.616291+00:00,rust-naive,9,2920835,3032272,1118578.5257543656,8ee23e64581a0e8d8d35ae64e2ccb71a2f3bb4f1cc517a99fdf151e8bb353ff3,4752,0,0,0,0,,1,,,,,8.838498398594885,3.7261538461538466,0.02078963775580404,14946.30078125,0.0,0.0,0.0,6.013011446997552,1,True,5,30,50,rust,naive,2,4412350438,4529999999,0
2026-02-07T19:04:30.616297+00:00,rust-naive,10,2979833,3093530,1118578.5257543656,8ee23e64581a0e8d8d35ae64e2ccb71a2f3bb4f1cc517a99fdf151e8bb353ff3,4752,0,0,0,0,,1,,,,,8.838498398594885,3.7261538461538466,0.02078963775580404,14946.30078125,0.0,0.0,0.0,6.013011446997552,1,True,5,30,50,rust,naive,2,4412350438,4529999999,0
2026-02-07T19:04:30.616302+00:00,rust-naive,11,2900375,3011042,1118578.5257543656,8ee23e64581a0e8d8d35ae64e2ccb71a2f3bb4f1cc517a99fdf151e8bb353ff3,4752,0,0,0,0,,1,,,,,8.838498398594885,3.7261538461538466,0.02078963775580404,14946.30078125,0.0,0.0,0.0,6.013011446997552,1,True,5,30,50,rust,naive,2,4412350438,4529999999,0
2026-02-07T19:04:30.616308+00:00,rust-naive,12,2899993,3010648,1118578.5257543656,8ee23e64581a0e8d8d35ae64e2ccb71a2f3bb4f1cc517a99fdf151e8bb353ff3,4752,0,0,0,0,,1,,,,,8.838498398594885,3.7261538461538466,0.02078963775580404,14946.30078125,0.0,0.0,0.0,6.013011446997552,1,True,5,30,50,rust,naive,2,4412350438,4529999999,0
2026-02-07T19:04:30.616313+00:00,rust-naive,13,2829341,2935545,1118578.5257543656,8ee23e64581a0e8d8d35ae64e2ccb71a2f3bb4f1cc517a99fdf151e8bb353ff3,4752,0,1,0,0,,1,,,,,8.838498398594885,3.7261538461538466,0.02078963775580404,14946.30078125,0.0,0.0,0.0,6.013011446997552,1,True,5,30,50,rust,naive,2,4412350438,4529999999,0
2026-02-07T19:04:30.616319+00:00,rust-naive,14,2897802,3008210,1118578.5257543656,8ee23e64581a0e8d8d35ae64e2ccb71a2f3bb4f1cc517a99fdf151e8bb353ff3,4752,0,1,0,0,,1,,,,,8.838498398594885,3.7261538461538466,0.02078963775580404,14946.30078125,0.0,0.0,0.0,6.013011446997552,1,True,5,30,50,rust,naive,2,4412350438,4529999999,0
2026-02-07T19:04:30.616324+00:00,rust-naive,15,2931548,3043392,1118578.5257543656,8ee23e64581a0e8d8d35ae64e2ccb71a2f3bb4f1cc517a99fdf151e8bb353ff3,4752,0,0,0,0,,1,,,,,8.838498398594885,3.7261538461538466,0.02078963775580404,14946.30078125,0.0,0.0,0.0,6.013011446997552,1,True,5,30,50,rust,naive,2,4412350438,4529999999,0
2026-02-07T19:04:30.616329+00:00,rust-naive,16,2750303,2855227,1118578.5257543656,8ee23e64581a0e8d8d35ae64e2ccb71a2f3bb4f1cc517a99fdf151e8bb353ff3,4752,0,0,0,0,,1,,,,,8.838498398594885,3.7261538461538466,0.02078963775580404,14946.30078125,0.0,0.0,0.0,6.013011446997552,1,True,5,30,50,rust,naive,2,4412350438,4529999999,0
2026-02-07T19:04:30.616335+00:00,rust-naive,17,2818843,2926398,1118578.5257543656,8ee23e64581a0e8d8d35ae64e2ccb71a2f3bb4f1cc517a99fdf151e8bb353ff3,4752,0,0,0,0,,1,,,,,8.838498398594885,3.7261538461538466,0.02078963775580404,14946.30078125,0.0,0.0,0.0,6.013011446997552,1,True,5,30,50,rust,naive,2,4412350438,4529999999,0
2026-02-07T19:04:30.616341+00:00,rust-naive,18,2832647,2940725,1118578.5257543656,8ee23e64581a0e8d8d35ae64e2ccb71a2f3bb4f1cc517a99fdf151e8bb353ff3,4752,0,0,0,0,,1,,,,,8.838498398594885,3.7261538461538466,0.02078963775580404,14946.30078125,0.0,0.0,0.0,6.013011446997552,1,True,5,30,50,rust,naive,2,4412350438,4529999999,0
2026-02-07T19:04:30.616346+00:00,rust-naive,19,2942833,3055106,1118578.5257543656,8ee23e64581a0e8d8d35ae64e2ccb71a2f3bb4f1cc517a99fdf151e8bb353ff3,4752,0,0,0,0,,1,,,,,8.838498398594885,3.7261538461538466,0.02078963775580404,14946.30078125,0.0,0.0,0.0,6.013011446997552,1,True,5,30,50,rust,naive,2,4412350438,4529999999,0
2026-02-07T19:04:30.616352+00:00,rust-naive,20,2949082,3061362,1118578.5257543656,8ee23e64581a0e8d8d35ae64e2ccb71a2f3bb4f1cc517a99fdf151e8bb353ff3,4752,0,1,0,0,,1,,,,,8.838498398594885,3.7261538461538466,0.02078963775580404,14946.30078125,0.0,0.0,0.0,6.013011446997552,1,True,5,30,50,rust,naive,2,4412350438,4529999999,0
2026-02-07T19:04:30.616357+00:00,rust-naive,21,2871921,2981490,1118578.5257543656,8ee23e64581a0e8d8d35ae64e2ccb71a2f3bb4f1cc517a99fdf151e8bb353ff3,4752,0,0,0,0,,1,,,,,8.838498398594885,3.7261538461538466,0.02078963775580404,14946.30078125,0.0,0.0,0.0,6.013011446997552,1,True,5,30,50,rust,naive,2,4412350438,4529999999,0
2026-02-07T19:04:30.616363+00:00,rust-naive,22,3091248,3208816,1118578.5257543656,8ee23e64581a0e8d8d35ae64e2ccb71a2f3bb4f1cc517a99fdf151e8bb353ff3,4752,0,1,0,0,,1,,,,,8.838498398594885,3.7261538461538466,0.02078963775580404,14946.30078125,0.0,0.0,0.0,6.013011446997552,1,True,5,30,50,rust,naive,2,4412350438,4529999999,0
2026-02-07T19:04:30.616368+00:00,rust-naive,23,2967473,3077423,1118578.5257543656,8ee23e64581a0e8d8d35ae64e2ccb71a2f3bb4f1cc517a99fdf151e8bb353ff3,4752,0,2,0,0,,1,,,,,8.838498398594885,3.7261538461538466,0.02078963775580404,14946.30078125,0.0,0.0,0.0,6.013011446997552,1,True,5,30,50,rust,naive,2,4412350438,4529999999,0
2026-02-07T19:04:30.616373+00:00,rust-naive,24,2859600,2968706,1118578.5257543656,8ee23e64581a0e8d8d35ae64e2ccb71a2f3bb4f1cc517a99fdf151e8bb353ff3,4752,0,0,0,0,,1,,,,,8.838498398594885,3.7261538461538466,0.02078963775580404,14946.30078125,0.0,0.0,0.0,6.013011446997552,1,True,5,30,50,rust,naive,2,4412350438,4529999999,0
2026-02-07T19:04:30.616377+00:00,rust-naive,25,3226484,3349597,1118578.5257543656,8ee23e64581a0e8d8d35ae64e2ccb71a2f3bb4f1cc517a99fdf151e8bb353ff3,4752,0,0,0,0,,1,,,,,8.838498398594885,3.7261538461538466,0.02078963775580404,14946.30078125,0.0,0.0,0.0,6.013011446997552,1,True,5,30,50,rust,naive,2,4412350438,4529999999,0
2026-02-07T19:04:30.616382+00:00,rust-naive,26,2877189,2986962,1118578.5257543656,8ee23e64581a0e8d8d35ae64e2ccb71a2f3bb4f1cc517a99fdf151e8bb353ff3,4752,0,0,0,0,,1,,,,,8.838498398594885,3.7261538461538466,0.02078963775580404,14946.30078125,0.0,0.0,0.0,6.013011446997552,1,True,5,30,50,rust,naive,2,4412350438,4529999999,0
2026-02-07T19:04:30.616387+00:00,rust-naive,27,2887234,2997209,1118578.5257543656,8ee23e64581a0e8d8d35ae64e2ccb71a2f3bb4f1cc517a99fdf151e8bb353ff3,4752,0,1,0,0,,1,,,,,8.838498398594885,3.7261538461538466,0.02078963775580404,14946.30078125,0.0,0.0,0.0,6.013011446997552,1,True,5,30,50,rust,naive,2,4412350438,4529999999,0
2026-02-07T19:04:30.616391+00:00,rust-naive,28,2809765,2916956,1118578.5257543656,8ee23e64581a0e8d8d35ae64e2ccb71a2f3bb4f1cc517a99fdf151e8bb353ff3,4752,0,0,0,0,,1,,,,,8.838498398594885,3.7261538461538466,0.02078963775580404,14946.30078125,0.0,0.0,0.0,6.013011446997552,1,True,5,30,50,rust,naive,2,4412350438,4529999999,0
2026-02-07T19:04:30.616396+00:00,rust-naive,29,2879057,2988893,1118578.5257543656,8ee23e64581a0e8d8d35ae64e2ccb71a2f3bb4f1cc517a99fdf151e8bb353ff3,4752,0,0,0,0,,1,,,,,8.838498398594885,3.7261538461538466,0.02078963775580404,14946.30078125,0.0,0.0,0.0,6.013011446997552,1,True,5,30,50,rust,naive,2,4412350438,4529999999,0
2026-02-07T19:04:42.906378+00:00,go-naive,0,3072163,3320420,1118578.5257543656,8ee23e64581a0e8d8d35ae64e2ccb71a2f3bb4f1cc517a99fdf151e8bb353ff3,24288,15,15,6,0,,3,,,,,8.308126895136105,3.7653846153846158,0.001950167282689701,14946.2265625,0.0,0.0,0.0,6.0119666820028215,1,True,5,30,50,go,naive,2,6277681468,6540000000,0
2026-02-07T19:04:42.906411+00:00,go-naive,1,3257918,3521200,1118578.5257543656,8ee23e64581a0e8d8d35ae64e2ccb71a2f3bb4f1cc517a99fdf151e8bb353ff3,24288,16,16,8,0,,3,,,,,8.308126895136105,3.7653846153846158,0.001950167282689701,14946.2265625,0.0,0.0,0.0,6.0119666820028215,1,True,5,30,50,go,naive,2,6277681468,6540000000,0
2026-02-07T19:04:42.906420+00:00,go-naive,2,3461526,3741260,1118578.5257543656,8ee23e64581a0e8d8d35ae64e2ccb71a2f3bb4f1cc517a99fdf151e8bb353ff3,24288,17,17,3,0,,3,,,,,8.308126895136105,3.7653846153846158,0.001950167282689701,14946.2265625,0.0,0.0,0.0,6.0119666820028215,1,True,5,30,50,go,naive,2,6277681468,6540000000,0
2026-02-07T19:04:42.906427+00:00,go-naive,3,3667805,3963820,1118578.5257543656,8ee23e64581a0e8d8d35ae64e2ccb71a2f3bb4f1cc517a99fdf151e8bb353ff3,24288,18,19,3,0,,3,,,,,8.308126895136105,3.7653846153846158,0.001950167282689701,14946.2265625,0.0,0.0,0.0,6.0119666820028215,1,True,5,30,50,go,naive,2,6277681468,6540000000,0
2026-02-07T19:04:42.906435+00:00,go-naive,4,3620317,3779960,1118578.5257543656,8ee23e64581a0e8d8d35ae64e2ccb71a2f3bb4f1cc517a99fdf151e8bb353ff3,24288,18,18,6,0,,3,,,,,8.308126895136105,3.7653846153846158,0.001950167282689701,14946.2265625,0.0,0.0,0.0,6.0119666820028215,1,True,5,30,50,go,naive,2,6277681468,6540000000,0
2026-02-07T19:04:42.906442+00:00,go-naive,5,3917320,4066880,1118578.5257543656,8ee23e64581a0e8d8d35ae64e2ccb71a2f3bb4f1cc517a99fdf151e8bb353ff3,24288,20,20,2,0,,3,,,,,8.308126895136105,3.7653846153846158,0.001950167282689701,14946.2265625,0.0,0.0,0.0,6.0119666820028215,1,True,5,30,50,go,naive,2,6277681468,6540000000,0
2026-02-07T19:04:42.906448+00:00,go-naive,6,3664364,3804280,1118578.5257543656,8ee23e64581a0e8d8d35ae64e2ccb71a2f3bb4f1cc517a99fdf151e8bb353ff3,24288,18,18,4,0,,3,,,,,8.308126895136105,3.7653846153846158,0.001950167282689701,14946.2265625,0.0,0.0,0.0,6.0119666820028215,1,True,5,30,50,go,naive,2,6277681468,6540000000,0
2026-02-07T19:04:42.906455+00:00,go-naive,7,3856529,4003820,1118578.5257543656,8ee23e64581a0e8d8d35ae64e2ccb71a2f3bb4f1cc517a99fdf151e8bb353ff3,24288,19,19,5,0,,3,,,,,8.308126895136105,3.7653846153846158,0.001950167282689701,14946.2265625,0.0,0.0,0.0,6.0119666820028215,1,True,5,30,50,go,naive,2,6277681468,6540000000,0
2026-02-07T19:04:42.906462+00:00,go-naive,8,4199302,4359380,1118578.5257543656,8ee23e64581a0e8d8d35ae64e2ccb71a2f3bb4f1cc517a99fdf151e8bb353ff3,24288,21,22,4,0,,3,,,,,8.308126895136105,3.7653846153846158,0.001950167282689701,14946.2265625,0.0,0.0,0.0,6.0119666820028215,1,True,5,30,50,go,naive,2,6277681468,6540000000,0
2026-02-07T19:04:42.906468+00:00,go-naive,9,4290476,4454320,1118578.5257543656,8ee23e64581a0e8d8d35ae64e2ccb71a2f3bb4f1cc517a99fdf151e8bb353ff3,24288,21,21,2,0,,3,,,,,8.308126895136105,3.7653846153846158,0.001950167282689701,14946.2265625,0.0,0.0,0.0,6.0119666820028215,1,True,5,30,50,go,naive,2,6277681468,6540000000,0
2026-02-07T19:04:42.906474+00:00,go-naive,10,4246105,4408260,1118578.5257543656,8ee23e64581a0e8d8d35ae64e2ccb71a2f3bb4f1cc517a99fdf151e8bb353ff3,24288,21,21,4,0,,3,,,,,8.308126895136105,3.7653846153846158,0.001950167282689701,14946.2265625,0.0,0.0,0.0,6.0119666820028215,1,True,5,30,50,go,naive,2,6277681468,6540000000,0
2026-02-07T19:04:42.906480+00:00,go-naive,11,4274948,4438160,1118578.5257543656,8ee23e64581a0e8d8d35ae64e2ccb71a2f3bb4f1cc517a99fdf151e8bb353ff3,24288,21,21,8,0,,3,,,,,8.308126895136105,3.7653846153846158,0.001950167282689701,14946.2265625,0.0,0.0,0.0,6.0119666820028215,1,True,5,30,50,go,naive,2,6277681468,6540000000,0
2026-02-07T19:04:42.906487+00:00,go-naive,12,4692667,4871820,1118578.5257543656,8ee23e64581a0e8d8d35ae64e2ccb71a2f3bb4f1cc517a99fdf151e8bb353ff3,24288,23,23,4,0,,3,,,,,8.308126895136105,3.7653846153846158,0.001950167282689701,14946.2265625,0.0,0.0,0.0,6.0119666820028215,1,True,5,30,50,go,naive,2,6277681468,6540000000,0
2026-02-07T19:04:42.906493+00:00,go-naive,13,4421825,4590480,1118578.5257543656,8ee23e64581a0e8d8d35ae64e2ccb71a2f3bb4f1cc517a99fdf151e8bb353ff3,24288,22,23,2,0,,3,,,,,8.308126895136105,3.7653846153846158,0.001950167282689701,14946.2265625,0.0,0.0,0.0,6.0119666820028215,1,True,5,30,50,go,naive,2,6277681468,6540000000,0
2026-02-07T19:04:42.906499+00:00,go-naive,14,4355110,4521380,1118578.5257543656,8ee23e64581a0e8d8d35ae64e2ccb71a2f3bb4f1cc517a99fdf151e8bb353ff3,24288,22,22,2,0,,3,,,,,8.308126895136105,3.7653846153846158,0.001950167282689701,14946.2265625,0.0,0.0,0.0,6.0119666820028215,1,True,5,30,50,go,naive,2,6277681468,6540000000,0
2026-02-07T19:04:42.906505+00:00,go-naive,15,4918502,5114020,1118578.5257543656,8ee23e64581a0e8d8d35ae64e2ccb71a2f3bb4f1cc517a99fdf151e8bb353ff3,24288,24,24,5,0,,3,,,,,8.308126895136105,3.7653846153846158,0.001950167282689701,14946.2265625,0.0,0.0,0.0,6.0119666820028215,1,True,5,30,50,go,naive,2,6277681468,6540000000,0
2026-02-07T19:04:42.906512+00:00,go-naive,16,4567463,4753900,1118578.5257543656,8ee23e64581a0e8d8d35ae64e2ccb71a2f3bb4f1cc517a99fdf151e8bb353ff3,24288,23,23,19,0,,3,,,,,8.308126895136105,3.7653846153846158,0.001950167282689701,14946.2265625,0.0,0.0,0.0,6.0119666820028215,1,True,5,30,50,go,naive,2,6277681468,6540000000,0
2026-02-07T19:04:42.906518+00:00,go-naive,17,4398338,4577700,1118578.5257543656,8ee23e64581a0e8d8d35ae64e2ccb71a2f3bb4f1cc517a99fdf151e8bb353ff3,24288,21,22,3,0,,3,,,,,8.308126895136105,3.7653846153846158,0.001950167282689701,14946.2265625,0.0,0.0,0.0,6.0119666820028215,1,True,5,30,50,go,naive,2,6277681468,6540000000,0
2026-02-07T19:04:42.906525+00:00,go-naive,18,4309866,4484840,1118578.5257543656,8ee23e64581a0e8d8d35ae64e2ccb71a2f3bb4f1cc517a99fdf151e8bb353ff3,24288,23,24,168,0,,3,,,,,8.308126895136105,3.7653846153846158,0.001950167282689701,14946.2265625,0.0,0.0,0.0,6.0119666820028215,1,True,5,30,50,go,naive,2,6277681468,6540000000,0
2026-02-07T19:04:42.906531+00:00,go-naive,19,4306770,4482560,1118578.5257543656,8ee23e64581a0e8d8d35ae64e2ccb71a2f3bb4f1cc517a99fdf151e8bb353ff3,24288,21,21,5,0,,3,,,,,8.308126895136105,3.7653846153846158,0.001950167282689701,14946.2265625,0.0,0.0,0.0,6.0119666820028215,1,True,5,30,50,go,naive,2,6277681468,6540000000,0
2026-02-07T19:04:42.906537+00:00,go-naive,20,4559142,4745220,1118578.5257543656,8ee23e64581a0e8d8d35ae64e2ccb71a2f3bb4f1cc517a99fdf151e8bb353ff3,24288,23,23,4,0,,3,,,,,8.308126895136105,3.7653846153846158,0.001950167282689701,14946.2265625,0.0,0.0,0.0,6.0119666820028215,1,True,5,30,50,go,naive,2,6277681468,6540000000,0
2026-02-07T19:04:42.906543+00:00,go-naive,21,4484784,4667840,1118578.5257543656,8ee23e64581a0e8d8d35ae64e2ccb71a2f3bb4f1cc517a99fdf151e8bb353ff3,24288,22,22,2,0,,3,,,,,8.308126895136105,3.7653846153846158,0.001950167282689701,14946.2265625,0.0,0.0,0.0,6.0119666820028215,1,True,5,30,50,go,naive,2,6277681468,6540000000,0
2026-02-07T19:04:42.906549+00:00,go-naive,22,4078227,4244440,1118578.5257543656,8ee23e64581a0e8d8d35ae64e2ccb71a2f3bb4f1cc517a99fdf151e8bb353ff3,24288,20,21,6,0,,3,,,,,8.308126895136105,3.7653846153846158,0.001950167282689701,14946.2265625,0.0,0.0,0.0,6.0119666820028215,1,True,5,30,50,go,naive,2,6277681468,6540000000,0
2026-02-07T19:04:42.906556+00:00,go-naive,23,4167141,4337240,1118578.5257543656,8ee23e64581a0e8d8d35ae64e2ccb71a2f3bb4f1cc517a99fdf151e8bb353ff3,24288,21,21,5,0,,3,,,,,8.308126895136105,3.7653846153846158,0.001950167282689701,14946.2265625,0.0,0.0,0.0,6.0119666820028215,1,True,5,30,50,go,naive,2,6277681468,6540000000,0
2026-02-07T19:04:42.906563+00:00,go-naive,24,4323280,4499200,1118578.5257543656,8ee23e64581a0e8d8d35ae64e2ccb71a2f3bb4f1cc517a99fdf151e8bb353ff3,24288,21,22,3,0,,3,,,,,8.308126895136105,3.7653846153846158,0.001950167282689701,14946.2265625,0.0,0.0,0.0,6.0119666820028215,1,True,5,30,50,go,naive,2,6277681468,6540000000,0
2026-02-07T19:04:42.906570+00:00,go-naive,25,4551695,4737500,1118578.5257543656,8ee23e64581a0e8d8d35ae64e2ccb71a2f3bb4f1cc517a99fdf151e8bb353ff3,24288,23,23,3,0,,3,,,,,8.308126895136105,3.7653846153846158,0.001950167282689701,14946.2265625,0.0,0.0,0.0,6.0119666820028215,1,True,5,30,50,go,naive,2,6277681468,6540000000,0
2026-02-07T19:04:42.906576+00:00,go-naive,26,4285788,4460500,1118578.5257543656,8ee23e64581a0e8d8d35ae64e2ccb71a2f3bb4f1cc517a99fdf151e8bb353ff3,24288,21,22,6,0,,3,,,,,8.308126895136105,3.7653846153846158,0.001950167282689701,14946.2265625,0.0,0.0,0.0,6.0119666820028215,1,True,5,30,50,go,naive,2,6277681468,6540000000,0
2026-02-07T19:04:42.906582+00:00,go-naive,27,4171934,4342220,1118578.5257543656,8ee23e64581a0e8d8d35ae64e2ccb71a2f3bb4f1cc517a99fdf151e8bb353ff3,24288,21,21,1,0,,3,,,,,8.308126895136105,3.7653846153846158,0.001950167282689701,14946.2265625,0.0,0.0,0.0,6.0119666820028215,1,True,5,30,50,go,naive,2,6277681468,6540000000,0
2026-02-07T19:04:42.906588+00:00,go-naive,28,4265328,4439420,1118578.5257543656,8ee23e64581a0e8d8d35ae64e2ccb71a2f3bb4f1cc517a99fdf151e8bb353ff3,24288,21,21,4,0,,3,,,,,8.308126895136105,3.7653846153846158,0.001950167282689701,14946.2265625,0.0,0.0,0.0,6.0119666820028215,1,True,5,30,50,go,naive,2,6277681468,6540000000,0
2026-02-07T19:04:42.906594+00:00,go-naive,29,4416476,4596760,1118578.5257543656,8ee23e64581a0e8d8d35ae64e2ccb71a2f3bb4f1cc517a99fdf151e8bb353ff3,24288,22,22,3,0,,3,,,,,8.308126895136105,3.7653846153846158,0.001950167282689701,14946.2265625,0.0,0.0,0.0,6.0119666820028215,1,True,5,30,50,go,naive,2,6277681468,6540000000,0
2026-02-07T19:04:52.411368+00:00,java-naive,0,2428878,2000000,1118578.5257543656,8ee23e64581a0e8d8d35ae64e2ccb71a2f3bb4f1cc517a99fdf151e8bb353ff3,59544,0,0,172,0,,13,,,,,10.227206788717096,3.9553846153846157,0.0,14947.24609375,0.0,0.0,0.0,6.01606576300037,1,True,5,30,50,java,naive,2,3488232949,3609999999,0
2026-02-07T19:04:52.411398+00:00,java-naive,1,2009565,2000000,1118578.5257543656,8ee23e64581a0e8d8d35ae64e2ccb71a2f3bb4f1cc517a99fdf151e8bb353ff3,59544,0,0,17,0,,13,,,,,10.227206788717096,3.9553846153846157,0.0,14947.24609375,0.0,0.0,0.0,6.01606576300037,1,True,5,30,50,java,naive,2,3488232949,3609999999,0
2026-02-07T19:04:52.411406+00:00,java-naive,2,1777149,1800000,1118578.5257543656,8ee23e64581a0e8d8d35ae64e2ccb71a2f3bb4f1cc517a99fdf151e8bb353ff3,59720,0,0,15,0,,13,,,,,10.227206788717096,3.9553846153846157,0.0,14947.24609375,0.0,0.0,0.0,6.01606576300037,1,True,5,30,50,java,naive,2,3488232949,3609999999,0
2026-02-07T19:04:52.411412+00:00,java-naive,3,1799153,1800000,1118578.5257543656,8ee23e64581a0e8d8d35ae64e2ccb71a2f3bb4f1cc517a99fdf151e8bb353ff3,59896,0,0,14,0,,13,,,,,10.227206788717096,3.9553846153846157,0.0,14947.24609375,0.0,0.0,0.0,6.01606576300037,1,True,5,30,50,java,naive,2,3488232949,3609999999,0
2026-02-07T19:04:52.411420+00:00,java-naive,4,1697935,1800000,1118578.5257543656,8ee23e64581a0e8d8d35ae64e2ccb71a2f3bb4f1cc517a99fdf151e8bb353ff3,59896,0,0,13,0,,13,,,,,10.227206788717096,3.9553846153846157,0.0,14947.24609375,0.0,0.0,0.0,6.01606576300037,1,True,5,30,50,java,naive,2,3488232949,3609999999,0
2026-02-07T19:04:52.411426+00:00,java-naive,5,2018286,2200000,1118578.5257543656,8ee23e64581a0e8d8d35ae64e2ccb71a2f3bb4f1cc517a99fdf151e8bb353ff3,60072,0,0,15,0,,13,,,,,10.227206788717096,3.9553846153846157,0.0,14947.24609375,0.0,0.0,0.0,6.01606576300037,1,True,5,30,50,java,naive,2,3488232949,3609999999,0
2026-02-07T19:04:52.411431+00:00,java-naive,6,2216008,2200000,1118578.5257543656,8ee23e64581a0e8d8d35ae64e2ccb71a2f3bb4f1cc517a99fdf151e8bb353ff3,60248,0,0,15,0,,13,,,,,10.227206788717096,3.9553846153846157,0.0,14947.24609375,0.0,0.0,0.0,6.01606576300037,1,True,5,30,50,java,naive,2,3488232949,3609999999,0
2026-02-07T19:04:52.411436+00:00,java-naive,7,1882860,1800000,1118578.5257543656,8ee23e64581a0e8d8d35ae64e2ccb71a2f3bb4f1cc517a99fdf151e8bb353ff3,60248,0,0,14,0,,13,,,,,10.227206788717096,3.9553846153846157,0.0,14947.24609375,0.0,0.0,0.0,6.01606576300037,1,True,5,30,50,java,naive,2,3488232949,3609999999,0
2026-02-07T19:04:52.411442+00:00,java-naive,8,1831202,1800000,1118578.5257543656,8ee23e64581a0e8d8d35ae64e2ccb71a2f3bb4f1cc517a99fdf151e8bb353ff3,60424,0,0,16,0,,13,,,,,10.227206788717096,3.9553846153846157,0.0,14947.24609375,0.0,0.0,0.0,6.01606576300037,1,True,5,30,50,java,naive,2,3488232949,3609999999,0
2026-02-07T19:04:52.411447+00:00,java-naive,9,1830975,2000000,1118578.5257543656,8ee23e64581a0e8d8d35ae64e2ccb71a2f3bb4f1cc517a99fdf151e8bb353ff3,60424,0,0,13,0,,13,,,,,10.227206788717096,3.9553846153846157,0.0,14947.24609375,0.0,0.0,0.0,6.01606576300037,1,True,5,30,50,java,naive,2,3488232949,3609999999,0
2026-02-07T19:04:52.411452+00:00,java-naive,10,1830853,2000000,1118578.5257543656,8ee23e64581a0e8d8d35ae64e2ccb71a2f3bb4f1cc517a99fdf151e8bb353ff3,60600,0,0,16,0,,13,,,,,10.227206788717096,3.9553846153846157,0.0,14947.24609375,0.0,0.0,0.0,6.01606576300037,1,True,5,30,50,java,naive,2,3488232949,3609999999,0
2026-02-07T19:04:52.411457+00:00,java-naive,11,1987856,2000000,1118578.5257543656,8ee23e64581a0e8d8d35ae64e2ccb71a2f3bb4f1cc517a99fdf151e8bb353ff3,60776,0,0,13,0,,13,,,,,10.227206788717096,3.9553846153846157,0.0,14947.24609375,0.0,0.0,0.0,6.01606576300037,1,True,5,30,50,java,naive,2,3488232949,3609999999,0
2026-02-07T19:04:52.411462+00:00,java-naive,12,1779499,1800000,1118578.5257543656,8ee23e64581a0e8d8d35ae64e2ccb71a2f3bb4f1cc517a99fdf151e8bb353ff3,60776,0,0,13,0,,13,,,,,10.227206788717096,3.9553846153846157,0.0,14947.24609375,0.0,0.0,0.0,6.01606576300037,1,True,5,30,50,java,naive,2,3488232949,3609999999,0
2026-02-07T19:04:52.411468+00:00,java-naive,13,1819084,2000000,1118578.5257543656,8ee23e64581a0e8d8d35ae64e2ccb71a2f3bb4f1cc517a99fdf151e8bb353ff3,60952,0,0,14,0,,13,,,,,10.227206788717096,3.9553846153846157,0.0,14947.24609375,0.0,0.0,0.0,6.01606576300037,1,True,5,30,50,java,naive,2,3488232949,3609999999,0
2026-02-07T19:04:52.411473+00:00,java-naive,14,1853121,1800000,1118578.5257543656,8ee23e64581a0e8d8d35ae64e2ccb71a2f3bb4f1cc517a99fdf151e8bb353ff3,61128,0,0,15,0,,13,,,,,10.227206788717096,3.9553846153846157,0.0,14947.24609375,0.0,0.0,0.0,6.01606576300037,1,True,5,30,50,java,naive,2,3488232949,3609999999,0
2026-02-07T19:04:52.411477+00:00,java-naive,15,2003968,2200000,1118578.5257543656,8ee23e64581a0e8d8d35ae64e2ccb71a2f3bb4f1cc517a99fdf151e8bb353ff3,61128,0,0,20,0,,13,,,,,10.227206788717096,3.9553846153846157,0.0,14947.24609375,0.0,0.0,0.0,6.01606576300037,1,True,5,30,50,java,naive,2,3488232949,3609999999,0
2026-02-07T19:04:52.411483+00:00,java-naive,16,2094737,2000000,1118578.5257543656,8ee23e64581a0e8d8d35ae64e2ccb71a2f3bb4f1cc517a99fdf151e8bb353ff3,61304,0,0,15,0,,13,,,,,10.227206788717096,3.9553846153846157,0.0,14947.24609375,0.0,0.0,0.0,6.01606576300037,1,True,5,30,50,java,naive,2,3488232949,3609999999,0
2026-02-07T19:04:52.411487+00:00,java-naive,17,1885604,2000000,1118578.5257543656,8ee23e64581a0e8d8d35ae64e2ccb71a2f3bb4f1cc517a99fdf151e8bb353ff3,61480,0,0,13,0,,13,,,,,10.227206788717096,3.9553846153846157,0.0,14947.24609375,0.0,0.0,0.0,6.01606576300037,1,True,5,30,50,java,naive,2,3488232949,3609999999,0
2026-02-07T19:04:52.411493+00:00,java-naive,18,1929130,2000000,1118578.5257543656,8ee23e64581a0e8d8d35ae64e2ccb71a2f3bb4f1cc517a99fdf151e8bb353ff3,61480,0,0,15,0,,13,,,,,10.227206788717096,3.9553846153846157,0.0,14947.24609375,0.0,0.0,0.0,6.01606576300037,1,True,5,30,50,java,naive,2,3488232949,3609999999,0
2026-02-07T19:04:52.411499+00:00,java-naive,19,2043965,2200000,1118578.5257543656,8ee23e64581a0e8d8d35ae64e2ccb71a2f3bb4f1cc517a99fdf151e8bb353ff3,61656,0,0,14,0,,13,,,,,10.227206788717096,3.9553846153846157,0.0,14947.24609375,0.0,0.0,0.0,6.01606576300037,1,True,5,30,50,java,naive,2,3488232949,3609999999,0
2026-02-07T19:04:52.411504+00:00,java-naive,20,1808060,1800000,1118578.5257543656,8ee23e64581a0e8d8d35ae64e2ccb71a2f3bb4f1cc517a99fdf151e8bb353ff3,61656,0,0,15,0,,13,,,,,10.227206788717096,3.9553846153846157,0.0,14947.24609375,0.0,0.0,0.0,6.01606576300037,1,True,5,30,50,java,naive,2,3488232949,3609999999,0
2026-02-07T19:04:52.411510+00:00,java-naive,21,2108746,2200000,1118578.5257543656,8ee23e64581a0e8d8d35ae64e2ccb71a2f3bb4f1cc517a99fdf151e8bb353ff3,61832,0,0,19,0,,13,,,,,10.227206788717096,3.9553846153846157,0.0,14947.24609375,0.0,0.0,0.0,6.01606576300037,1,True,5,30,50,java,naive,2,3488232949,3609999999,0
2026-02-07T19:04:52.411516+00:00,java-naive,22,1721029,1800000,1118578.5257543656,8ee23e64581a0e8d8d35ae64e2ccb71a2f3bb4f1cc517a99fdf151e8bb353ff3,62008,0,0,18,0,,13,,,,,10.227206788717096,3.9553846153846157,0.0,14947.24609375,0.0,0.0,0.0,6.01606576300037,1,True,5,30,50,java,naive,2,3488232949,3609999999,0
2026-02-07T19:04:52.411521+00:00,java-naive,23,1860466,1800000,1118578.5257543656,8ee23e64581a0e8d8d35ae64e2ccb71a2f3bb4f1cc517a99fdf151e8bb353ff3,62184,0,0,18,0,,13,,,,,10.227206788717096,3.9553846153846157,0.0,14947.24609375,0.0,0.0,0.0,6.01606576300037,1,True,5,30,50,java,naive,2,3488232949,3609999999,0
2026-02-07T19:04:52.411526+00:00,java-naive,24,2256309,2400000,1118578.5257543656,8ee23e64581a0e8d8d35ae64e2ccb71a2f3bb4f1cc517a99fdf151e8bb353ff3,62360,0,0,22,0,,13,,,,,10.227206788717096,3.9553846153846157,0.0,14947.24609375,0.0,0.0,0.0,6.01606576300037,1,True,5,30,50,java,naive,2,3488232949,3609999999,0
2026-02-07T19:04:52.411531+00:00,java-naive,25,2541922,2600000,1118578.5257543656,8ee23e64581a0e8d8d35ae64e2ccb71a2f3bb4f1cc517a99fdf151e8bb353ff3,62360,0,0,14,0,,13,,,,,10.227206788717096,3.9553846153846157,0.0,14947.24609375,0.0,0.0,0.0,6.01606576300037,1,True,5,30,50,java,naive,2,3488232949,3609999999,0
2026-02-07T19:04:52.411536+00:00,java-naive,26,2074360,2200000,1118578.5257543656,8ee23e64581a0e8d8d35ae64e2ccb71a2f3bb4f1cc517a99fdf151e8bb353ff3,62536,0,0,14,0,,13,,,,,10.227206788717096,3.9553846153846157,0.0,14947.24609375,0.0,0.0,0.0,6.01606576300037,1,True,5,30,50,java,naive,2,3488232949,3609999999,0
2026-02-07T19:04:52.411541+00:00,java-naive,27,1891417,2000000,1118578.5257543656,8ee23e64581a0e8d8d35ae64e2ccb71a2f3bb4f1cc517a99fdf151e8bb353ff3,62712,0,0,15,0,,13,,,,,10.227206788717096,3.9553846153846157,0.0,14947.24609375,0.0,0.0,0.0,6.01606576300037,1,True,5,30,50,java,naive,2,3488232949,3609999999,0
2026-02-07T19:04:52.411546+00:00,java-naive,28,1831249,1800000,1118578.5257543656,8ee23e64581a0e8d8d35ae64e2ccb71a2f3bb4f1cc517a99fdf151e8bb353ff3,62712,0,0,22,0,,13,,,,,10.227206788717096,3.9553846153846157,0.0,14947.24609375,0.0,0.0,0.0,6.01606576300037,1,True,5,30,50,java,naive,2,3488232949,3609999999,0
2026-02-07T19:04:52.411551+00:00,java-naive,29,1916099,2000000,1118578.5257543656,8ee23e64581a0e8d8d35ae64e2ccb71a2f3bb4f1cc517a99fdf151e8bb353ff3,62888,0,0,14,0,,13,,,,,10.227206788717096,3.9553846153846157,0.0,14947.24609375,0.0,0.0,0.0,6.01606576300037,1,True,5,30,50,java,naive,2,3488232949,3609999999,0
